test_id,vehicle_id,test_date,test_class_id,test_type,test_result,test_mileage,postcode_area,make,model,colour,fuel_type,cylinder_capacity,first_use_date
1973609809,1017768925,2020-04-01,2,NT,P,13415,NR,HONDA,"VT750 , Shadow",RED,PE,750,2007-03-29
1355972487,688080473,2020-04-02,2,NT,P,,NG,BETA,EVO,WHITE,PE,300,
1200951149,958132003,2020-04-03,4,NT,P,,NG,HONDA,TRX,RED,PE,420,
400529835,1086188172,2020-04-06,4,NT,F,79167,CM,LAND ROVER,"SERIES 3, 88 SWB",BLACK,PE,2286,1972-01-01
373153567,1428388413,2020-04-07,4,NT,P,,NG,UNCLASSIFIED,UNCLASSIFIED,BLUE,PE,2300,
245208109,799459405,2020-04-07,4,NT,P,,NG,UNCLASSIFIED,UNCLASSIFIED,BLACK,PE,2300,
1767117079,665896789,2020-04-07,4,NT,P,,NG,KYMCO,UNCLASSIFIED,BROWN,EL,0,
1425929191,64112623,2020-04-07,4,NT,P,,NG,UNCLASSIFIED,UNCLASSIFIED,BLACK,PE,2300,
1340632219,1253123325,2020-04-07,4,NT,P,,NG,UNCLASSIFIED,UNCLASSIFIED,BLUE,PE,2300,
1170038275,429391605,2020-04-07,4,NT,P,,NG,UNCLASSIFIED,UNCLASSIFIED,BLACK,PE,2300,
999444331,73881435,2020-04-07,4,NT,P,,NG,UNCLASSIFIED,UNCLASSIFIED,BLACK,PE,2300,
956795845,685434413,2020-04-07,4,NT,P,,NG,UNCLASSIFIED,UNCLASSIFIED,BLACK,PE,2300,
222813899,453061241,2020-04-07,4,NT,P,,NG,UNCLASSIFIED,UNCLASSIFIED,BLACK,PE,2300,
180165413,333399449,2020-04-07,4,NT,P,,NG,UNCLASSIFIED,UNCLASSIFIED,BLACK,PE,2300,
1966922983,1344326663,2020-04-07,4,NT,P,,NG,UNCLASSIFIED,UNCLASSIFIED,BLACK,PE,2300,
1881626011,876105113,2020-04-07,4,NT,P,,NG,UNCLASSIFIED,UNCLASSIFIED,SILVER,PE,2300,
1711032067,698021625,2020-04-07,4,NT,P,,NG,UNCLASSIFIED,UNCLASSIFIED,SILVER,PE,2300,
1668383581,1388190729,2020-04-07,4,NT,P,,NG,KYMCO,UNCLASSIFIED,BLACK,EL,0,
1455141151,1141916733,2020-04-07,4,NT,P,,NG,UNCLASSIFIED,UNCLASSIFIED,BLACK,PE,2300,
934401635,917341955,2020-04-07,4,NT,P,,NG,UNCLASSIFIED,UNCLASSIFIED,BLACK,PE,2300,
584256063,216090427,2020-04-07,4,NT,P,,NG,UNCLASSIFIED,UNCLASSIFIED,RED,PE,2300,
413662119,1011363693,2020-04-07,4,NT,P,,NG,KYMCO,UNCLASSIFIED,GREY,EL,0,
838153385,827917859,2020-04-08,4,NT,P,,NG,UNCLASSIFIED,UNCLASSIFIED,BLACK,PE,2300,
1933577495,165741579,2020-04-08,4,NT,P,,NG,YALE,UNCLASSIFIED,YELLOW,PE,2400,
1720335065,1295673779,2020-04-08,4,NT,P,,NG,UNCLASSIFIED,UNCLASSIFIED,SILVER,PE,2300,
1082946683,1275562627,2020-04-08,4,NT,P,,NG,UNCLASSIFIED,UNCLASSIFIED,RED,PE,2300,
27085035,43261387,2020-04-08,4,NT,P,,NG,UNCLASSIFIED,UNCLASSIFIED,WHITE,PE,2300,
1899139577,312548213,2020-04-08,4,NT,P,,NG,UNCLASSIFIED,UNCLASSIFIED,RED,PE,2300,
1856491091,1118903903,2020-04-08,4,NT,P,,NG,UNCLASSIFIED,UNCLASSIFIED,RED,PE,2300,
1813842605,988816493,2020-04-08,4,NT,P,,NG,UNCLASSIFIED,UNCLASSIFIED,BLACK,PE,2300,
1771194119,397457945,2020-04-08,4,NT,P,,NG,KYMCO,UNCLASSIFIED,BLACK,EL,0,
1515303203,423671527,2020-04-08,4,NT,P,,NG,UNCLASSIFIED,UNCLASSIFIED,BLUE,PE,2300,
1744520041,1228140077,2020-04-08,4,NT,P,,NG,SUZUKI,UNCLASSIFIED,RED,PE,493,
1309077497,899774749,2020-04-08,4,NT,P,,NG,UNCLASSIFIED,UNCLASSIFIED,BLACK,PE,2300,
1181132039,44300545,2020-04-08,4,NT,P,,NG,UNCLASSIFIED,UNCLASSIFIED,BLACK,PE,2300,
1215419763,544813487,2020-04-08,4,NT,P,,NG,UNCLASSIFIED,UNCLASSIFIED,BLUE,PE,2300,
463522449,1214131355,2020-04-08,4,NT,P,,NG,UNCLASSIFIED,UNCLASSIFIED,RED,PE,2300,
1514158139,860125973,2020-04-08,4,NT,P,,NG,UNCLASSIFIED,UNCLASSIFIED,RED,PE,2300,
1428861167,781509847,2020-04-08,4,NT,P,,NG,UNCLASSIFIED,UNCLASSIFIED,BLACK,PE,2300,
1850867185,435111683,2020-04-08,4,NT,P,,NG,UNCLASSIFIED,UNCLASSIFIED,BLACK,PE,2300,
1765570213,1395224419,2020-04-08,4,NT,P,,NG,UNCLASSIFIED,UNCLASSIFIED,BLACK,PE,2300,
1722921727,664009649,2020-04-08,4,NT,P,,NG,UNCLASSIFIED,UNCLASSIFIED,SILVER,PE,2300,
1680273241,971523741,2020-04-08,4,NT,P,,NG,UNCLASSIFIED,UNCLASSIFIED,BLACK,PE,2300,
1467030811,124122385,2020-04-08,4,NT,P,,NG,UNCLASSIFIED,UNCLASSIFIED,SILVER,PE,2300,
1339085353,315449891,2020-04-08,4,NT,P,,NG,UNCLASSIFIED,UNCLASSIFIED,BLUE,PE,2300,
1168491409,83076719,2020-04-08,4,NT,P,,NG,UNCLASSIFIED,UNCLASSIFIED,GREY,PE,2300,
784655035,769113811,2020-04-08,4,NT,P,,NG,UNCLASSIFIED,UNCLASSIFIED,RED,PE,2300,
528764119,1233203349,2020-04-08,4,NT,P,,NG,UNCLASSIFIED,UNCLASSIFIED,SILVER,PE,2300,
1107927555,1424148503,2020-04-08,4,NT,P,,NG,UNCLASSIFIED,UNCLASSIFIED,RED,PE,2300,
549018395,457085355,2020-04-08,4,NT,P,,NG,UNCLASSIFIED,UNCLASSIFIED,YELLOW,PE,2300,
32757721,1143779253,2020-04-08,4,NT,P,,NG,UNCLASSIFIED,UNCLASSIFIED,BLACK,PE,2300,
838600113,64004725,2020-04-08,4,NT,P,,NG,UNCLASSIFIED,UNCLASSIFIED,RED,PE,2300,
23800037,788269083,2020-04-08,4,NT,P,,NG,UNCLASSIFIED,UNCLASSIFIED,WHITE,PE,1993,
1256127289,1324681141,2020-04-08,4,NT,P,,NG,UNCLASSIFIED,UNCLASSIFIED,RED,PE,2300,
914939401,1208494555,2020-04-08,4,NT,P,,NG,UNCLASSIFIED,UNCLASSIFIED,BLACK,PE,2300,
1166351475,1396346855,2020-04-08,4,NT,P,,NG,UNCLASSIFIED,UNCLASSIFIED,BLUE,PE,2300,
1770248029,617136007,2020-04-08,4,NT,P,,NG,UNCLASSIFIED,UNCLASSIFIED,RED,PE,2300,
1761290345,183009711,2020-04-08,4,NT,P,,NG,UNCLASSIFIED,UNCLASSIFIED,BLACK,PE,2300,
1550386823,1392214843,2020-04-08,4,NT,P,,NG,UNCLASSIFIED,UNCLASSIFIED,RED,PE,2300,
686319485,601921571,2020-04-08,4,NT,P,,NG,UNCLASSIFIED,UNCLASSIFIED,BLACK,PE,2300,
255355783,1168953677,2020-04-08,4,NT,P,,NG,FORD,UNCLASSIFIED,BLUE,DI,0,
212707297,1322710723,2020-04-08,4,NT,P,,NG,MASSEY FERGUSON,UNCLASSIFIED,RED,DI,0,
1914167895,1360281183,2020-04-08,4,NT,P,,NG,UNCLASSIFIED,UNCLASSIFIED,RED,PE,2300,
1487683035,820393919,2020-04-08,4,NT,P,,NG,MASSEY FERGUSON,UNCLASSIFIED,RED,DI,0,
1103846661,434263701,2020-04-08,4,NT,P,,NG,MASSEY FERGUSON,UNCLASSIFIED,RED,DI,0,
1171228265,1321397111,2020-04-08,4,NT,P,,NG,UNCLASSIFIED,UNCLASSIFIED,NOT STATED,PE,2300,
1016409755,511566215,2020-04-08,4,NT,P,,NG,UNCLASSIFIED,UNCLASSIFIED,YELLOW,PE,2300,
803167325,87865537,2020-04-08,4,NT,P,,NG,UNCLASSIFIED,UNCLASSIFIED,RED,PE,2300,
760518839,395379629,2020-04-08,4,NT,P,,NG,UNCLASSIFIED,UNCLASSIFIED,BLUE,PE,2300,
201609679,401673235,2020-04-08,4,NT,P,,NG,UNCLASSIFIED,UNCLASSIFIED,BLUE,PE,2300,
116312707,1016701419,2020-04-08,4,NT,P,,NG,UNCLASSIFIED,UNCLASSIFIED,BLACK,PE,2300,
73664221,1477972557,2020-04-08,4,NT,P,,NG,UNCLASSIFIED,UNCLASSIFIED,RED,PE,2300,
1945718763,439243695,2020-04-08,4,NT,P,,NG,UNCLASSIFIED,UNCLASSIFIED,BLUE,PE,2300,
1903070277,593000741,2020-04-08,4,NT,P,,NG,UNCLASSIFIED,UNCLASSIFIED,RED,PE,2300,
1135397529,1436926891,2020-04-08,4,NT,P,,NG,UNCLASSIFIED,UNCLASSIFIED,BLUE,PE,2300,
922155099,1166983259,2020-04-08,4,NT,P,,NG,UNCLASSIFIED,UNCLASSIFIED,CREAM,PE,2300,
879506613,1474497351,2020-04-08,4,NT,P,,NG,FORDSON,UNCLASSIFIED,BLUE,PE,3600,
794209641,282011443,2020-04-08,4,NT,P,,NG,UNCLASSIFIED,UNCLASSIFIED,NOT STATED,PE,2300,
1002973229,1087710327,2020-04-08,4,NT,P,,NG,UNCLASSIFIED,UNCLASSIFIED,RED,PE,2300,
917676257,510252603,2020-04-08,4,NT,P,,NG,UNCLASSIFIED,UNCLASSIFIED,ORANGE,PE,2300,
875027771,817766695,2020-04-08,4,NT,P,,NG,UNCLASSIFIED,UNCLASSIFIED,GREY,PE,2300,
789730799,240308971,2020-04-08,4,NT,P,,NG,KYMCO,UNCLASSIFIED,GREY,EL,0,
491191397,1200421707,2020-04-08,4,NT,P,,NG,UNCLASSIFIED,UNCLASSIFIED,MAROON,PE,2300,
320597453,353020351,2020-04-08,4,NT,P,,NG,MITSUBISHI,UNCLASSIFIED,GREEN,EL,0,
192651995,544347857,2020-04-08,4,NT,P,,NG,UNCLASSIFIED,UNCLASSIFIED,SILVER,PE,2300,
401415583,1230384949,2020-04-08,4,NT,P,,NG,UNCLASSIFIED,UNCLASSIFIED,BLACK,PE,2300,
776294273,799077053,2020-04-08,4,NT,P,,NG,UNCLASSIFIED,UNCLASSIFIED,SILVER,PE,2300,
450881819,405996423,2020-04-08,4,NT,P,,NG,UNCLASSIFIED,UNCLASSIFIED,BLACK,PE,2300,
322936361,1021024607,2020-04-08,4,NT,P,,NG,UNCLASSIFIED,UNCLASSIFIED,RED,PE,2300,
237639389,1366109159,2020-04-08,4,NT,P,,NG,UNCLASSIFIED,UNCLASSIFIED,RED,PE,2300,
1811154529,1359158747,2020-04-08,4,NT,P,,NG,KYMCO,UNCLASSIFIED,BLACK,EL,0,
1171427239,156247221,2020-04-08,4,NT,P,,NG,UNCLASSIFIED,UNCLASSIFIED,BLACK,PE,2300,
1043481781,1423874049,2020-04-08,4,NT,P,,NG,UNCLASSIFIED,UNCLASSIFIED,RED,PE,2300,
1000833295,767800199,2020-04-08,4,NT,P,,NG,UNCLASSIFIED,UNCLASSIFIED,RED,PE,2300,
958184809,1229071337,2020-04-08,4,NT,P,,NG,UNCLASSIFIED,UNCLASSIFIED,RED,PE,2300,
915536323,1420398843,2020-04-08,4,NT,P,,NG,YAMAHA,UNCLASSIFIED,GREEN,PE,421,
1039002939,671808043,2020-04-08,4,NT,P,,NG,UNCLASSIFIED,UNCLASSIFIED,BLUE,PE,2300,
996354453,979322135,2020-04-08,4,NT,P,,NG,KYMCO,UNCLASSIFIED,BROWN,EL,0,
1034524097,664857631,2020-04-08,4,NT,P,,NG,UNCLASSIFIED,UNCLASSIFIED,RED,PE,2300,
991875611,818614677,2020-04-08,4,NT,P,,NG,UNCLASSIFIED,UNCLASSIFIED,RED,PE,2300,
949227125,972371723,2020-04-08,4,NT,P,,NG,UNCLASSIFIED,UNCLASSIFIED,BLACK,PE,2300,
906578639,1126128769,2020-04-08,4,NT,P,,NG,UNCLASSIFIED,UNCLASSIFIED,BLUE,PE,2300,
863930153,1279885815,2020-04-08,4,NT,P,,NG,UNCLASSIFIED,UNCLASSIFIED,BLACK,PE,2300,
390317965,855528331,2020-04-08,4,NT,P,,NG,KYMCO,UNCLASSIFIED,BLACK,EL,0,
347669479,1009285377,2020-04-08,4,NT,P,,NG,KYMCO,UNCLASSIFIED,BLACK,EL,0,
305020993,1163042423,2020-04-08,4,NT,P,,NG,UNCLASSIFIED,UNCLASSIFIED,BLUE,PE,2300,
262372507,1470556515,2020-04-08,4,NT,P,,NG,UNCLASSIFIED,UNCLASSIFIED,SILVER,PE,2300,
219724021,124313561,2020-04-08,4,NT,P,,NG,UNCLASSIFIED,UNCLASSIFIED,BLACK,PE,2300,
91778563,585584699,2020-04-08,4,NT,P,,NG,UNCLASSIFIED,UNCLASSIFIED,RED,PE,2300,
49130077,739341745,2020-04-08,4,NT,P,,NG,UNCLASSIFIED,UNCLASSIFIED,SILVER,PE,2300,
6481591,893098791,2020-04-08,4,NT,P,,NG,UNCLASSIFIED,UNCLASSIFIED,ORANGE,PE,2300,
1963833105,1046855837,2020-04-08,4,NT,P,,NG,UNCLASSIFIED,UNCLASSIFIED,SILVER,PE,2300,
1921184619,1200612883,2020-04-08,4,NT,P,,NG,UNCLASSIFIED,UNCLASSIFIED,BLACK,PE,2300,
1878536133,1354369929,2020-04-08,4,NT,P,,NG,UNCLASSIFIED,UNCLASSIFIED,BLACK,PE,2300,
1110863385,1313324263,2020-04-08,4,NT,P,,NG,UNCLASSIFIED,UNCLASSIFIED,SILVER,PE,2300,
1068214899,1467081309,2020-04-08,4,NT,P,,NG,UNCLASSIFIED,UNCLASSIFIED,SILVER,PE,2300,
727027011,773436999,2020-04-08,4,NT,P,,NG,KYMCO,UNCLASSIFIED,BLACK,EL,0,
1959354263,1002334965,2020-04-08,4,NT,P,,NG,UNCLASSIFIED,UNCLASSIFIED,RED,PE,2300,
1916705777,1463606103,2020-04-08,4,NT,P,,NG,UNCLASSIFIED,UNCLASSIFIED,BLUE,PE,2300,
1874057291,117363149,2020-04-08,4,NT,P,,NG,UNCLASSIFIED,UNCLASSIFIED,SILVER,PE,2300,
1831408805,271120195,2020-04-08,4,NT,P,,NG,UNCLASSIFIED,UNCLASSIFIED,SILVER,PE,2300,
1746111833,732391333,2020-04-08,4,NT,P,,NG,UNCLASSIFIED,UNCLASSIFIED,BLUE,PE,2300,
1458869023,529981403,2020-04-08,4,NT,P,,NG,UNCLASSIFIED,UNCLASSIFIED,BLUE,PE,2300,
1288275079,106280725,2020-04-08,4,NT,P,,NG,UNCLASSIFIED,UNCLASSIFIED,RED,PE,2300,
1032384163,796449829,2020-04-08,4,NT,P,,NG,KYMCO,UNCLASSIFIED,GREY,EL,0,
733844761,447890071,2020-04-08,4,NT,P,,NG,UNCLASSIFIED,UNCLASSIFIED,GOLD,PE,2300,
691196275,601647117,2020-04-08,4,NT,P,,NG,KYMCO,UNCLASSIFIED,GREY,EL,0,
307359901,984302129,2020-04-08,4,NT,P,,NG,UNCLASSIFIED,UNCLASSIFIED,WHITE,PE,2300,
264711415,406844405,2020-04-08,4,NT,P,,NG,UNCLASSIFIED,UNCLASSIFIED,BLACK,PE,2300,
222062929,560601451,2020-04-08,4,NT,P,,NG,UNCLASSIFIED,UNCLASSIFIED,BLACK,PE,2300,
1880875041,1404527601,2020-04-08,4,NT,P,,NG,UNCLASSIFIED,UNCLASSIFIED,RED,PE,2300,
1919044685,815987453,2020-04-08,4,NT,P,,NG,UNCLASSIFIED,UNCLASSIFIED,RED,PE,2300,
1620505283,928698833,2020-04-08,4,NT,P,,NG,UNCLASSIFIED,UNCLASSIFIED,SILVER,PE,2300,
1577856797,1082455879,2020-04-08,4,NT,P,,NG,KYMCO,UNCLASSIFIED,GREY,EL,0,
1535208311,81297477,2020-04-08,4,NT,P,,NG,UNCLASSIFIED,UNCLASSIFIED,SILVER,PE,2300,
1364614367,1307878639,2020-04-08,4,NT,P,,NG,UNCLASSIFIED,UNCLASSIFIED,SILVER,PE,2300,
1321965881,422906823,2020-04-08,4,NT,P,,NG,UNCLASSIFIED,UNCLASSIFIED,WHITE,PE,2300,
938129507,1147171181,2020-04-08,4,NT,P,,NG,UNCLASSIFIED,UNCLASSIFIED,GREEN,PE,1993,
852832535,108442319,2020-04-08,4,NT,P,,NG,UNCLASSIFIED,UNCLASSIFIED,BLACK,PE,2300,
383699189,870277137,2020-04-08,4,NT,P,,NG,UNCLASSIFIED,UNCLASSIFIED,SILVER,PE,2300,
1573377955,1167365611,2020-04-08,4,NT,P,,NG,KYMCO,UNCLASSIFIED,BLUE,EL,0,
1274838553,357534715,2020-04-08,4,NT,P,,NG,UNCLASSIFIED,UNCLASSIFIED,BLACK,PE,2300,
1232190067,511291761,2020-04-08,4,NT,P,,NG,UNCLASSIFIED,UNCLASSIFIED,BLACK,PE,2300,
1061596123,1355217911,2020-04-08,4,NT,P,,NG,UNCLASSIFIED,UNCLASSIFIED,SILVER,PE,2300,
464517319,733239315,2020-04-08,4,NT,P,,NG,UNCLASSIFIED,UNCLASSIFIED,RED,PE,2300,
1611547599,1419933213,2020-04-08,4,NT,P,,NG,TOYOTA,UNCLASSIFIED,ORANGE,DI,2486,
1313008197,265017765,2020-04-08,4,NT,P,,NG,UNCLASSIFIED,UNCLASSIFIED,BLUE,PE,2300,
1227711225,880045949,2020-04-08,4,NT,P,,NG,UNCLASSIFIED,UNCLASSIFIED,BLACK,PE,2300,
1185062739,1187560041,2020-04-08,4,NT,P,,NG,TOYOTA,UNCLASSIFIED,ORANGE,DI,2486,
1142414253,1341317087,2020-04-08,4,NT,P,,NG,TOYOTA,UNCLASSIFIED,ORANGE,DI,2486,
882044495,298456213,2020-04-08,4,NT,P,,NG,UNCLASSIFIED,UNCLASSIFIED,GREY,PE,2300,
668802065,489783719,2020-04-08,4,NT,P,,NG,UNCLASSIFIED,UNCLASSIFIED,RED,PE,2300,
498208121,373597133,2020-04-08,4,NT,P,,NG,UNCLASSIFIED,UNCLASSIFIED,SILVER,PE,2300,
157020233,1217523283,2020-04-08,4,NT,P,,NG,UNCLASSIFIED,UNCLASSIFIED,RED,PE,2300,
1730535373,1330234663,2020-04-08,4,NT,P,,NG,UNCLASSIFIED,UNCLASSIFIED,BLUE,PE,2300,
1389347485,790347399,2020-04-08,4,NT,P,,NG,UNCLASSIFIED,UNCLASSIFIED,RED,PE,2300,
1533068377,674160813,2020-04-08,4,NT,P,,NG,UNCLASSIFIED,UNCLASSIFIED,RED,PE,2300,
1490419891,981674905,2020-04-08,4,NT,P,,NG,KYMCO,UNCLASSIFIED,BLUE,EL,0,
935989573,895451561,2020-04-08,4,NT,P,,NG,UNCLASSIFIED,UNCLASSIFIED,BLACK,PE,2300,
893341087,164236791,2020-04-08,4,NT,P,,NG,UNCLASSIFIED,UNCLASSIFIED,RED,PE,2300,
637450171,1387342747,2020-04-08,4,NT,P,,NG,KYMCO,UNCLASSIFIED,RED,EL,0,
466856227,1154969575,2020-04-08,4,NT,P,,NG,KYMCO,UNCLASSIFIED,RED,EL,0,
424207741,116240713,2020-04-08,4,NT,P,,NG,KYMCO,UNCLASSIFIED,RED,EL,0,
381559255,269997759,2020-04-08,4,NT,P,,NG,UNCLASSIFIED,UNCLASSIFIED,RED,PE,2300,
253613797,263047347,2020-04-08,4,NT,P,,NG,KUBOTA,UNCLASSIFIED,ORANGE,DI,898,
210965311,300617807,2020-04-08,4,NT,P,,NG,KYMCO,UNCLASSIFIED,RED,EL,0,
1997722881,1298301003,2020-04-08,4,NT,P,,NG,UNCLASSIFIED,UNCLASSIFIED,BLACK,PE,2300,
1869777423,795984199,2020-04-08,4,NT,P,,NG,UNCLASSIFIED,UNCLASSIFIED,BLUE,PE,2300,
1784480451,1024882165,2020-04-08,4,NT,P,,NG,KYMCO,UNCLASSIFIED,RED,EL,0,
1571238021,1366491511,2020-04-08,4,NT,P,,NG,KYMCO,UNCLASSIFIED,RED,EL,0,
1272698619,669371995,2020-04-08,4,NT,P,,NG,UNCLASSIFIED,UNCLASSIFIED,SILVER,PE,2300,
1230050133,553185409,2020-04-08,4,NT,P,,NG,UNCLASSIFIED,UNCLASSIFIED,RED,PE,2300,
931510731,699992043,2020-04-08,4,NT,P,,NG,KYMCO,UNCLASSIFIED,RED,EL,0,
675619815,272816159,2020-04-08,4,NT,P,,NG,UNCLASSIFIED,UNCLASSIFIED,BLACK,PE,2300,
419728899,1342165069,2020-04-08,4,NT,P,,NG,UNCLASSIFIED,UNCLASSIFIED,SILVER,PE,2300,
291783441,1263548943,2020-04-08,4,NT,P,,NG,UNCLASSIFIED,UNCLASSIFIED,RED,PE,2300,
249134955,1147362357,2020-04-08,4,NT,P,,NG,UNCLASSIFIED,UNCLASSIFIED,BLACK,PE,2300,
206486469,877418725,2020-04-08,4,NT,P,,NG,UNCLASSIFIED,UNCLASSIFIED,BLUE,PE,2300,
78541011,67587829,2020-04-08,4,NT,P,,NG,UNCLASSIFIED,UNCLASSIFIED,RED,PE,2300,
1566759179,1440975625,2020-04-08,4,NT,P,,NG,UNCLASSIFIED,UNCLASSIFIED,BLUE,PE,2300,
1438813721,822472235,2020-04-08,4,NT,P,,NG,UNCLASSIFIED,UNCLASSIFIED,RED,PE,2300,
74062169,1474414073,2020-04-08,4,NT,P,,NG,MITSUBISHI,UNCLASSIFIED,GREEN,GA,2488,
1007850019,336217849,2020-04-08,4,NT,P,,NG,UNCLASSIFIED,UNCLASSIFIED,BLACK,PE,2300,
965201533,797488987,2020-04-08,4,NT,P,,NG,UNCLASSIFIED,UNCLASSIFIED,BLACK,PE,2300,
69583327,14802933,2020-04-08,4,NT,P,,NG,UNCLASSIFIED,UNCLASSIFIED,GREEN,PE,2300,
1771043925,281271359,2020-04-08,4,NT,P,,NG,UNCLASSIFIED,UNCLASSIFIED,RED,PE,2300,
1643098467,663926371,2020-04-08,4,NT,P,,NG,UNCLASSIFIED,UNCLASSIFIED,RED,PE,2300,
1472504523,1391665935,2020-04-08,4,NT,P,,NG,UNCLASSIFIED,UNCLASSIFIED,GREY,PE,2300,
1003371177,1189912811,2020-04-08,4,NT,P,,NG,UNCLASSIFIED,UNCLASSIFIED,BLUE,PE,2300,
832777233,106663077,2020-04-08,4,NT,P,,NG,UNCLASSIFIED,UNCLASSIFIED,BLUE,PE,2300,
406292373,718216055,2020-04-08,4,NT,P,,NG,UNCLASSIFIED,UNCLASSIFIED,BLUE,PE,2300,
107752971,1097395861,2020-04-08,4,NT,P,,NG,UNCLASSIFIED,UNCLASSIFIED,BLACK,PE,2300,
22455999,403751551,2020-04-08,4,NT,P,,NG,YALE,UNCLASSIFIED,YELLOW,PE,2400,
956243849,1335405833,2020-04-08,4,NT,P,,NG,DAEWOO,UNCLASSIFIED,BLACK,GA,1997,
60625643,131837501,2020-04-08,4,NT,P,,NG,DAEWOO,UNCLASSIFIED,BLACK,GA,1997,
1975328671,1283277743,2020-04-08,4,NT,P,,NG,DAEWOO,UNCLASSIFIED,BLACK,GA,1997,
1079710465,725357643,2020-04-08,4,NT,P,,NG,UNCLASSIFIED,UNCLASSIFIED,WHITE,PE,2300,
370461637,61676575,2020-04-08,4,NT,P,,NG,UNCLASSIFIED,UNCLASSIFIED,SILVER,PE,2300,
920413113,262772893,2020-04-08,4,NT,P,,NG,UNCLASSIFIED,UNCLASSIFIED,RED,PE,2300,
621873711,1325171391,2020-04-08,4,NT,P,,NG,UNCLASSIFIED,UNCLASSIFIED,RED,PE,2300,
1598310047,565498167,2020-04-08,4,NT,P,,NG,UNCLASSIFIED,UNCLASSIFIED,BLACK,PE,2300,
446800925,1422011529,2020-04-08,4,NT,P,,NG,NISSAN,UNCLASSIFIED,SILVER,EL,0,
1849722121,457766781,2020-04-08,4,NT,P,,NG,UNCLASSIFIED,UNCLASSIFIED,MULTI-COLOUR,PE,4228,
1338139263,1320083499,2020-04-08,4,NT,P,,NG,UNCLASSIFIED,UNCLASSIFIED,RED,PE,2300,
1252842291,1125280787,2020-04-08,4,NT,P,,NG,UNCLASSIFIED,UNCLASSIFIED,BLACK,PE,2300,
1210193805,1432794879,2020-04-08,4,NT,P,,NG,UNCLASSIFIED,UNCLASSIFIED,BLACK,PE,2300,
655763487,1004305383,2020-04-08,4,NT,P,,NG,UNCLASSIFIED,UNCLASSIFIED,BLACK,PE,2300,
613115001,3146981,2020-04-08,4,NT,P,,NG,UNCLASSIFIED,UNCLASSIFIED,BLUE,PE,2300,
570466515,1226252937,2020-04-08,4,NT,P,,NG,UNCLASSIFIED,UNCLASSIFIED,RED,PE,2300,
143981655,1452523679,2020-04-08,4,NT,P,,NG,KYMCO,UNCLASSIFIED,BLUE,EL,0,
16036197,294133025,2020-04-08,4,NT,P,,NG,UNCLASSIFIED,UNCLASSIFIED,RED,PE,2300,
1973387711,676788037,2020-04-08,4,NT,P,,NG,UNCLASSIFIED,UNCLASSIFIED,RED,PE,2300,
1717496795,603808711,2020-04-08,4,NT,P,,NG,UNCLASSIFIED,UNCLASSIFIED,BLACK,PE,2300,
1674848309,1410164401,2020-04-08,4,NT,P,,NG,UNCLASSIFIED,UNCLASSIFIED,RED,PE,2300,
1589551337,747140139,2020-04-08,4,NT,P,,NG,UNCLASSIFIED,UNCLASSIFIED,RED,PE,2300,
1461605879,999707741,2020-04-08,4,NT,P,,NG,UNCLASSIFIED,UNCLASSIFIED,RED,PE,2300,
1376308907,838343477,2020-04-08,4,NT,P,,NG,UNCLASSIFIED,UNCLASSIFIED,BLUE,PE,2300,
1291011935,752776939,2020-04-08,4,NT,P,,NG,UNCLASSIFIED,UNCLASSIFIED,BLUE,PE,2300,
1120417991,722348067,2020-04-08,4,NT,P,,NG,KAWASAKI,UNCLASSIFIED,GREEN,PE,360,
1134053491,249420977,2020-04-08,4,NT,P,,NG,UNCLASSIFIED,UNCLASSIFIED,RED,PE,2300,
1006108033,857498749,2020-04-08,4,NT,P,,NG,UNCLASSIFIED,UNCLASSIFIED,BLACK,PE,2300,
835514089,228569741,2020-04-08,4,NT,P,,NG,UNCLASSIFIED,UNCLASSIFIED,BLACK,PE,2300,
1811950425,683738449,2020-04-08,4,NT,P,,NG,UNCLASSIFIED,UNCLASSIFIED,BLACK,PE,2300,
1769301939,1182580047,2020-04-08,4,NT,P,,NG,UNCLASSIFIED,UNCLASSIFIED,RED,PE,2300,
1726653453,912636415,2020-04-08,4,NT,P,,NG,UNCLASSIFIED,UNCLASSIFIED,BLUE,PE,2300,
1513411023,1157596799,2020-04-08,4,NT,P,,NG,UNCLASSIFIED,UNCLASSIFIED,RED,PE,2300,
1385465565,938467645,2020-04-08,4,NT,P,,NG,UNCLASSIFIED,UNCLASSIFIED,RED,PE,2300,
1342817079,12450163,2020-04-08,4,NT,P,,NG,UNCLASSIFIED,UNCLASSIFIED,BLACK,PE,2300,
1172223135,103653501,2020-04-08,4,NT,P,,NG,UNCLASSIFIED,UNCLASSIFIED,BLUE,PE,2300,
1129574649,253935341,2020-04-08,4,NT,P,,NG,UNCLASSIFIED,UNCLASSIFIED,BLACK,PE,2300,
1086926163,509321343,2020-04-08,4,NT,P,,NG,UNCLASSIFIED,UNCLASSIFIED,BLACK,PE,2300,
1044277677,487813301,2020-04-08,4,NT,P,,NG,UNCLASSIFIED,UNCLASSIFIED,BLUE,PE,2300,
873683733,460011653,2020-04-08,4,NT,P,,NG,UNCLASSIFIED,UNCLASSIFIED,ORANGE,PE,2300,
788386761,87125453,2020-04-08,4,NT,P,,NG,UNCLASSIFIED,UNCLASSIFIED,RED,PE,2300,
404550387,980934821,2020-04-08,4,NT,P,,NG,UNCLASSIFIED,UNCLASSIFIED,RED,PE,2300,
330550007,549984657,2020-04-08,4,NT,P,,NG,UNCLASSIFIED,UNCLASSIFIED,BLACK,PE,2300,
1477580287,12258987,2020-04-08,5,NT,P,,NG,MAN,UNCLASSIFIED,WHITE,DI,4580,
368719651,1298766633,2020-04-08,4,NT,P,,NG,UNCLASSIFIED,UNCLASSIFIED,SILVER,PE,2300,
326071165,488935737,2020-04-08,4,NT,P,,NG,UNCLASSIFIED,UNCLASSIFIED,BLUE,PE,2300,
240774193,24189393,2020-04-08,4,NT,P,,NG,UNCLASSIFIED,UNCLASSIFIED,BLACK,PE,2300,
198125707,99330313,2020-04-08,4,NT,P,,NG,UNCLASSIFIED,UNCLASSIFIED,BLUE,PE,2300,
155477221,714358497,2020-04-08,4,NT,P,,NG,KYMCO,UNCLASSIFIED,GREY,EL,0,
1787416281,1123501545,2020-04-08,4,NT,P,,NG,UNCLASSIFIED,UNCLASSIFIED,BLACK,PE,2300,
1702119309,272624983,2020-04-08,4,NT,P,,NG,UNCLASSIFIED,UNCLASSIFIED,RED,PE,2300,
1659470823,617709535,2020-04-08,4,NT,P,,NG,UNCLASSIFIED,UNCLASSIFIED,BLACK,PE,2300,
1275634449,1058129437,2020-04-08,4,NT,P,,NG,KYMCO,UNCLASSIFIED,GREY,EL,0,
1232985963,1170840817,2020-04-08,4,NT,P,,NG,UNCLASSIFIED,UNCLASSIFIED,YELLOW,PE,2300,
849149589,107128707,2020-04-08,4,NT,P,,NG,UNCLASSIFIED,UNCLASSIFIED,GREY,PE,2300,
806501103,718681685,2020-04-08,4,NT,P,,NG,UNCLASSIFIED,UNCLASSIFIED,BLACK,PE,2300,
721204131,715206479,2020-04-08,4,NT,P,,NG,UNCLASSIFIED,UNCLASSIFIED,BLACK,PE,2300,
550610187,983179693,2020-04-08,4,NT,P,,NG,UNCLASSIFIED,UNCLASSIFIED,BLUE,PE,2300,
507961701,16116545,2020-04-08,4,NT,P,,NG,UNCLASSIFIED,UNCLASSIFIED,BLUE,PE,2300,
209422299,1165777545,2020-04-08,4,NT,P,,NG,KYMCO,UNCLASSIFIED,GREY,EL,0,
1801051781,834020289,2020-04-08,4,NT,P,,NG,UNCLASSIFIED,UNCLASSIFIED,RED,PE,2300,
1758403295,564076657,2020-04-08,4,NT,P,,NG,UNCLASSIFIED,UNCLASSIFIED,SILVER,PE,2300,
1673106323,830545083,2020-04-08,4,NT,P,,NG,UNCLASSIFIED,UNCLASSIFIED,RED,PE,2300,
1587809351,635742371,2020-04-08,4,NT,P,,NG,UNCLASSIFIED,UNCLASSIFIED,SILVER,PE,2300,
1545160865,1250770555,2020-04-08,4,NT,P,,NG,KYMCO,UNCLASSIFIED,BLUE,EL,0,
1246621463,1314829051,2020-04-08,4,NT,P,,NG,UNCLASSIFIED,UNCLASSIFIED,BLUE,PE,2300,
1118676005,306720237,2020-04-08,4,NT,P,,NG,UNCLASSIFIED,UNCLASSIFIED,BLACK,PE,2300,
777488117,893946773,2020-04-08,4,NT,P,,NG,UNCLASSIFIED,UNCLASSIFIED,BLACK,PE,2300,
606894173,759727351,2020-04-08,4,NT,P,,NG,UNCLASSIFIED,UNCLASSIFIED,BLACK,PE,2300,
308354771,423097999,2020-04-08,4,NT,P,,NG,UNCLASSIFIED,UNCLASSIFIED,NOT STATED,PE,2300,
95112341,1098709473,2020-04-08,4,NT,P,,NG,UNCLASSIFIED,UNCLASSIFIED,RED,PE,2300,
1839221425,733621667,2020-04-08,4,NT,P,,NG,UNCLASSIFIED,UNCLASSIFIED,BLACK,PE,2300,
158015103,1470365339,2020-04-08,4,NT,P,,NG,UNCLASSIFIED,UNCLASSIFIED,SILVER,PE,2300,
115366617,930478075,2020-04-08,4,NT,P,,NG,UNCLASSIFIED,UNCLASSIFIED,BLACK,PE,2300,
952759877,584079911,2020-04-08,4,NT,P,,NG,UNCLASSIFIED,UNCLASSIFIED,BLACK,PE,2300,
1118874979,605122323,2020-04-08,4,NT,P,,NG,UNCLASSIFIED,UNCLASSIFIED,BLACK,PE,2300,
436499203,1259882561,2020-04-08,4,NT,P,,NG,UNCLASSIFIED,UNCLASSIFIED,SILVER,PE,2300,
351202231,296294619,2020-04-08,4,NT,P,,NG,UNCLASSIFIED,UNCLASSIFIED,BLUE,PE,2300,
180608287,695668855,2020-04-08,4,NT,P,,NG,UNCLASSIFIED,UNCLASSIFIED,RED,PE,2300,
1711474941,377072339,2020-04-08,4,NT,P,,NG,UNCLASSIFIED,UNCLASSIFIED,RED,PE,2300,
1583529483,756252145,2020-04-08,4,NT,P,,NG,UNCLASSIFIED,UNCLASSIFIED,RED,PE,2300,
1540880997,868963525,2020-04-08,4,NT,P,,NG,UNCLASSIFIED,UNCLASSIFIED,BLACK,PE,2300,
1284990081,354250685,2020-04-08,4,NT,P,,NG,UNCLASSIFIED,UNCLASSIFIED,BROWN,PE,2300,
1242341595,1379078723,2020-04-08,4,NT,P,,NG,KYMCO,AGILITY,BROWN,EL,0,
986450679,680645595,2020-04-08,4,NT,P,,NG,UNCLASSIFIED,UNCLASSIFIED,BLACK,PE,2300,
559965819,365906637,2020-04-08,4,NT,P,,NG,UNCLASSIFIED,UNCLASSIFIED,RED,PE,2300,
1130171571,68710265,2020-04-08,4,NT,P,,NG,UNCLASSIFIED,UNCLASSIFIED,BLUE,PE,2300,
1087523085,451365277,2020-04-08,4,NT,P,,NG,UNCLASSIFIED,UNCLASSIFIED,NOT STATED,PE,2300,
788983683,839657089,2020-04-08,4,NT,P,,NG,UNCLASSIFIED,UNCLASSIFIED,BLUE,PE,2300,
746335197,1006658153,2020-04-08,4,NT,P,,NG,UNCLASSIFIED,UNCLASSIFIED,BLACK,PE,2300,
703686711,314518631,2020-04-08,4,NT,P,,NG,UNCLASSIFIED,UNCLASSIFIED,BLACK,PE,2300,
1794631979,215325723,2020-04-08,4,NT,P,,NG,UNCLASSIFIED,UNCLASSIFIED,RED,PE,2300,
1368147119,376606709,2020-04-08,4,NT,P,,NG,UNCLASSIFIED,UNCLASSIFIED,BLUE,PE,2300,
723940987,1129412799,2020-04-08,4,NT,P,,NG,UNCLASSIFIED,UNCLASSIFIED,RED,PE,2300,
111285723,1229728143,2020-04-08,4,NT,P,,NG,UNCLASSIFIED,UNCLASSIFIED,BLACK,PE,2300,
1036115889,523030991,2020-04-08,4,NT,P,,NG,UNCLASSIFIED,UNCLASSIFIED,SILVER,PE,2300,
861043103,223972099,2020-04-08,4,NT,P,,NG,UNCLASSIFIED,UNCLASSIFIED,RED,PE,2300,
647800673,647015971,2020-04-08,4,NT,P,,NG,UNCLASSIFIED,UNCLASSIFIED,RED,PE,2300,
605152187,257410547,2020-04-08,4,NT,P,,NG,UNCLASSIFIED,UNCLASSIFIED,BLACK,PE,2300,
221315813,850930689,2020-04-08,4,NT,P,,NG,UNCLASSIFIED,UNCLASSIFIED,BLUE,PE,2300,
178667327,922596403,2020-04-08,4,NT,P,,NG,UNCLASSIFIED,UNCLASSIFIED,BLACK,PE,2300,
1368346093,1003374123,2020-04-08,4,NT,P,,NG,UNCLASSIFIED,UNCLASSIFIED,BLACK,PE,2300,
1155103663,29360563,2020-04-08,4,NT,P,,NG,UNCLASSIFIED,UNCLASSIFIED,SILVER,PE,2300,
941861233,469780465,2020-04-08,4,NT,P,,NG,UNCLASSIFIED,UNCLASSIFIED,RED,PE,2300,
899212747,613111893,2020-04-08,4,NT,P,,NG,UNCLASSIFIED,UNCLASSIFIED,RED,PE,2300,
856564261,1139098333,2020-04-08,4,NT,P,,NG,KYMCO,AGILITY,BLACK,EL,0,
813915775,445454023,2020-04-08,4,NT,P,,NG,UNCLASSIFIED,UNCLASSIFIED,RED,PE,2300,
685970317,800307387,2020-04-08,4,NT,P,,NG,UNCLASSIFIED,UNCLASSIFIED,BLACK,PE,2300,
259485457,1217248829,2020-04-08,4,NT,P,,NG,UNCLASSIFIED,UNCLASSIFIED,GREY,PE,2300,
62018461,1440044365,2020-04-08,4,NT,P,,NG,UNCLASSIFIED,UNCLASSIFIED,GREY,PE,2300,
19369975,544646931,2020-04-08,4,NT,P,,NG,UNCLASSIFIED,UNCLASSIFIED,BLUE,PE,2300,
1274290411,866801931,2020-04-08,4,NT,P,,NG,UNCLASSIFIED,UNCLASSIFIED,BLACK,PE,2300,
1994835831,219840087,2020-04-08,4,NT,P,,NG,UNCLASSIFIED,UNCLASSIFIED,BLUE,PE,2300,
1909538859,1446421249,2020-04-08,4,NT,P,,NG,UNCLASSIFIED,UNCLASSIFIED,WHITE,PE,2300,
1866890373,1097861491,2020-04-08,4,NT,P,,NG,UNCLASSIFIED,UNCLASSIFIED,BLACK,PE,2300,
1610999457,874600325,2020-04-08,4,NT,P,,NG,UNCLASSIFIED,UNCLASSIFIED,RED,PE,2300,
1397757027,306911413,2020-04-08,4,NT,P,,NG,UNCLASSIFIED,UNCLASSIFIED,GREY,PE,2300,
1227163083,9166133,2020-04-08,4,NT,P,,NG,UNCLASSIFIED,UNCLASSIFIED,BLACK,PE,2300,
1056569139,528202161,2020-04-08,4,NT,P,,NG,UNCLASSIFIED,UNCLASSIFIED,BLACK,PE,2300,
928623681,226981675,2020-04-08,4,NT,P,,NG,UNCLASSIFIED,UNCLASSIFIED,BLACK,PE,2300,
885975195,992291699,2020-04-08,4,NT,P,,NG,UNCLASSIFIED,UNCLASSIFIED,BLACK,PE,2300,
544787307,24762921,2020-04-08,4,NT,P,,NG,UNCLASSIFIED,UNCLASSIFIED,SILVER,PE,2300,
459490335,721225631,2020-04-08,4,NT,P,,NG,KYMCO,AGILITY,SILVER,EL,0,
223853695,1054463055,2020-04-08,4,NT,P,,NG,HUSQVARNA,UNCLASSIFIED,WHITE,PE,49,
1189192413,684586431,2020-04-08,4,NT,P,,NG,UNCLASSIFIED,UNCLASSIFIED,SILVER,PE,2300,
1146543927,520403767,2020-04-08,4,NT,P,,NG,UNCLASSIFIED,UNCLASSIFIED,BLACK,PE,2300,
933301497,1353247493,2020-04-08,4,NT,P,,NG,UNCLASSIFIED,UNCLASSIFIED,BLACK,PE,2300,
592113609,6347733,2020-04-08,4,NT,P,,NG,UNCLASSIFIED,UNCLASSIFIED,BLACK,PE,2300,
549465123,153154367,2020-04-08,4,NT,P,,NG,UNCLASSIFIED,UNCLASSIFIED,BLACK,PE,2300,
336222693,1328264245,2020-04-08,4,NT,P,,NG,UNCLASSIFIED,UNCLASSIFIED,GREY,PE,2300,
293574207,19591751,2020-04-08,4,NT,P,,NG,UNCLASSIFIED,UNCLASSIFIED,RED,PE,2300,
122980263,1321313833,2020-04-08,4,NT,P,,NG,UNCLASSIFIED,UNCLASSIFIED,BLACK,PE,2300,
80331777,1010324535,2020-04-08,4,NT,P,,NG,UNCLASSIFIED,UNCLASSIFIED,BLACK,PE,2300,
1995034805,535152573,2020-04-08,4,NT,P,,NG,UNCLASSIFIED,UNCLASSIFIED,RED,PE,2300,
1909737833,483681289,2020-04-08,4,NT,P,,NG,UNCLASSIFIED,UNCLASSIFIED,BLUE,PE,2300,
1824440861,1013142935,2020-04-08,4,NT,P,,NG,UNCLASSIFIED,UNCLASSIFIED,GREY,PE,2300,
1653846917,631335905,2020-04-08,4,NT,P,,NG,UNCLASSIFIED,UNCLASSIFIED,BLACK,PE,2300,
1056967087,608131899,2020-04-08,4,NT,P,,NG,UNCLASSIFIED,UNCLASSIFIED,BLACK,PE,2300,
1224324813,1295291427,2020-04-09,4,NT,P,,NG,KYMCO,UNCLASSIFIED,BLACK,EL,0,
106506493,253087359,2020-04-09,1,NT,P,,NG,ORION,UNCLASSIFIED,SILVER,PE,49,
63858007,1175629635,2020-04-09,4,NT,P,,NG,UNCLASSIFIED,UNCLASSIFIED,BLUE,PE,2300,
21209521,1483143727,2020-04-09,4,NT,P,,NG,UNCLASSIFIED,UNCLASSIFIED,BLACK,PE,2300,
1807967091,328228279,2020-04-09,4,NT,P,,NG,UNCLASSIFIED,UNCLASSIFIED,RED,PE,2300,
1722670119,1097013509,2020-04-09,4,NT,P,,NG,UNCLASSIFIED,UNCLASSIFIED,BLACK,PE,2300,
326814427,1379544353,2020-04-09,4,NT,P,,NG,UNCLASSIFIED,UNCLASSIFIED,BLACK,PE,2300,
1579395955,1000555723,2020-04-09,4,NT,P,,NG,UNCLASSIFIED,UNCLASSIFIED,RED,PE,2300,
674820065,1430550007,2020-04-09,4,NT,P,,NG,UNCLASSIFIED,UNCLASSIFIED,SILVER,PE,2300,
546874607,1461170055,2020-04-09,4,NT,P,,NG,UNCLASSIFIED,UNCLASSIFIED,BLUE,PE,2300,
1940838119,555347003,2020-04-09,4,NT,P,,NG,UNCLASSIFIED,UNCLASSIFIED,RED,PE,2300,
1684947203,739067291,2020-04-09,4,NT,P,,NG,UNCLASSIFIED,UNCLASSIFIED,BLACK,PE,2300,
1471704773,1333244239,2020-04-09,4,NT,P,,NG,UNCLASSIFIED,UNCLASSIFIED,GREY,PE,2300,
1301110829,557508597,2020-04-09,4,NT,P,,NG,UNCLASSIFIED,UNCLASSIFIED,BLUE,PE,2300,
1258462343,287564965,2020-04-09,4,NT,P,,NG,UNCLASSIFIED,UNCLASSIFIED,RED,PE,2300,
652425855,832432223,2020-04-09,4,NT,P,,NG,UNCLASSIFIED,UNCLASSIFIED,GREY,PE,2300,
567128883,138131107,2020-04-09,4,NT,P,,NG,UNCLASSIFIED,UNCLASSIFIED,BLACK,PE,2300,
481831911,1401625923,2020-04-09,4,NT,P,,NG,UNCLASSIFIED,UNCLASSIFIED,RED,PE,2300,
439183425,1083686213,2020-04-09,4,NT,P,,NG,UNCLASSIFIED,UNCLASSIFIED,BLACK,PE,2300,
638989329,921665143,2020-04-09,4,NT,P,,NG,UNCLASSIFIED,UNCLASSIFIED,BLACK,PE,2300,
596340843,610675845,2020-04-09,4,NT,P,,NG,UNCLASSIFIED,UNCLASSIFIED,RED,PE,2300,
1369783837,392286775,2020-04-10,4,NT,P,,NG,UNCLASSIFIED,UNCLASSIFIED,GREY,PE,2300,
623360235,589907887,2020-04-10,4,NT,P,,NG,UNCLASSIFIED,UNCLASSIFIED,RED,PE,2300,
1195904895,586432681,2020-04-10,4,NT,P,,NG,UNCLASSIFIED,UNCLASSIFIED,BLACK,PE,2300,
1321909393,558822209,2020-04-10,4,NT,P,,NG,UNCLASSIFIED,UNCLASSIFIED,RED,PE,2300,
421812345,441322011,2020-04-10,4,NT,P,,NG,UNCLASSIFIED,UNCLASSIFIED,SILVER,PE,2300,
459981989,1457229219,2020-04-10,4,NT,P,,NG,UNCLASSIFIED,UNCLASSIFIED,BLACK,PE,2300,
246739559,677361565,2020-04-10,4,NT,P,,NG,UNCLASSIFIED,UNCLASSIFIED,BLACK,PE,2300,
1990848643,550749361,2020-04-10,4,NT,P,,NG,UNCLASSIFIED,UNCLASSIFIED,RED,PE,2300,
370206175,570943791,2020-04-10,4,NT,P,,NG,UNCLASSIFIED,UNCLASSIFIED,BLUE,PE,2300,
1726000043,939697979,2020-04-10,4,NT,P,,NG,UNCLASSIFIED,UNCLASSIFIED,RED,PE,2300,
1470109127,88821417,2020-04-10,4,NT,P,,NG,UNCLASSIFIED,UNCLASSIFIED,BLACK,PE,2300,
1337684827,1151219915,2020-04-10,4,NT,P,,NG,UNCLASSIFIED,UNCLASSIFIED,RED,PE,2300,
868551481,1010050081,2020-04-10,4,NT,P,,NG,UNCLASSIFIED,UNCLASSIFIED,RED,PE,2300,
1732269651,422250017,2020-04-11,4,NT,P,,NG,UNCLASSIFIED,UNCLASSIFIED,BLUE,PE,2300,
1941033239,1498549339,2020-04-11,4,NT,P,,NG,UNCLASSIFIED,UNCLASSIFIED,BLACK,PE,2300,
865863405,572531857,2020-04-11,4,NT,P,,NG,KUBOTA,UNCLASSIFIED,ORANGE,DI,898,
737917947,955186869,2020-04-11,4,NT,P,,NG,KUBOTA,UNCLASSIFIED,ORANGE,DI,898,
1446618633,1453371661,2020-04-11,4,NT,P,,NG,UNCLASSIFIED,UNCLASSIFIED,BLACK,PE,2300,
1181770033,954721239,2020-04-11,4,NT,P,,NG,UNCLASSIFIED,UNCLASSIFIED,BLACK,PE,2300,
452266929,1425761189,2020-04-11,4,NT,P,,NG,UNCLASSIFIED,UNCLASSIFIED,SILVER,PE,2300,
1983133583,1490476491,2020-04-11,4,NT,P,,NG,UNCLASSIFIED,UNCLASSIFIED,GREY,PE,2300,
191897171,1063300607,2020-04-11,4,NT,P,,NG,UNCLASSIFIED,UNCLASSIFIED,BLACK,PE,2300,
1415266739,575732609,2020-04-11,4,NT,P,,NG,UNCLASSIFIED,UNCLASSIFIED,BLUE,PE,2300,
1159375823,319032995,2020-04-11,4,NT,P,,NG,KYMCO,UNCLASSIFIED,BLUE,EL,0,
1116727337,1265244907,2020-04-11,4,NT,P,,NG,UNCLASSIFIED,UNCLASSIFIED,BLACK,PE,2300,
903484907,178519967,2020-04-11,4,NT,P,,NG,KYMCO,UNCLASSIFIED,BEIGE,EL,0,
1197545467,420661951,2020-04-11,4,NT,P,,NG,UNCLASSIFIED,UNCLASSIFIED,BLUE,PE,2300,
429872719,327488195,2020-04-11,4,NT,P,,NG,UNCLASSIFIED,UNCLASSIFIED,RED,PE,2300,
1065121167,477770035,2020-04-11,4,NT,P,,NG,UNCLASSIFIED,UNCLASSIFIED,RED,PE,2300,
851878737,272541705,2020-04-11,1,NT,P,,NG,PIONEER,UNCLASSIFIED,BLACK,PE,124,
681284793,757482479,2020-04-11,4,NT,P,,NG,UNCLASSIFIED,UNCLASSIFIED,GREY,PE,2300,
510690849,702535989,2020-04-11,4,NT,P,,NG,KYMCO,AGILITY,BROWN,EL,0,
382745391,767251291,2020-04-11,4,NT,P,,NG,UNCLASSIFIED,UNCLASSIFIED,BLACK,PE,2300,
634157465,1481090031,2020-04-11,4,NT,P,,NG,UNCLASSIFIED,UNCLASSIFIED,SILVER,PE,2300,
207672605,1097121407,2020-04-11,4,NT,P,,NG,UNCLASSIFIED,UNCLASSIFIED,BLACK,PE,2300,
696313111,1299614615,2020-04-12,4,NT,P,,NG,UNCLASSIFIED,UNCLASSIFIED,BLACK,PE,2300,
862428213,28512581,2020-04-12,4,NT,P,,NG,KYMCO,UNCLASSIFIED,RED,EL,0,
819779727,182269627,2020-04-12,4,NT,P,,NG,KYMCO,UNCLASSIFIED,RED,EL,0,
175573595,1258568949,2020-04-12,4,NT,P,,NG,MITSUBISHI,UNCLASSIFIED,BLUE,GA,0,
148700543,445262847,2020-04-12,4,NT,P,,NG,UNCLASSIFIED,UNCLASSIFIED,BLACK,PE,2300,
1551621739,59132629,2020-04-12,4,NT,P,,NG,KYMCO,UNCLASSIFIED,RED,EL,0,
675311719,1350620269,2020-04-12,4,NT,P,,NG,UNCLASSIFIED,UNCLASSIFIED,RED,PE,2300,
1737045027,605504675,2020-04-12,4,NT,P,,NG,UNCLASSIFIED,UNCLASSIFIED,WHITE,PE,2300,
1988457101,1194235999,2020-04-12,4,NT,P,,NG,UNCLASSIFIED,UNCLASSIFIED,BLACK,PE,2300,
1903160129,1296521761,2020-04-12,4,NT,P,,NG,UNCLASSIFIED,UNCLASSIFIED,RED,PE,2300,
794299493,325326601,2020-04-12,4,NT,P,,NG,UNCLASSIFIED,UNCLASSIFIED,ORANGE,PE,2300,
1856032801,406761127,2020-04-12,4,NT,P,,NG,UNCLASSIFIED,UNCLASSIFIED,RED,PE,2300,
1173657025,436724369,2020-04-12,4,NT,P,,NG,KYMCO,UNCLASSIFIED,BLUE,EL,0,
64796389,235819227,2020-04-12,4,NT,P,,NG,UNCLASSIFIED,UNCLASSIFIED,BLACK,PE,2300,
893828887,292079329,2020-04-13,4,NT,P,,NG,UNCLASSIFIED,UNCLASSIFIED,BLUE,PE,2300,
765883429,1083220583,2020-04-13,4,NT,P,,NG,UNCLASSIFIED,UNCLASSIFIED,GREY,PE,2300,
1060540911,1054845407,2020-04-14,4,NT,P,,NG,UNCLASSIFIED,UNCLASSIFIED,SILVER,PE,2300,
1397249957,423480351,2020-04-14,4,NT,P,,NG,UNCLASSIFIED,UNCLASSIFIED,SILVER,PE,2300,
1354601471,199562379,2020-04-14,4,NT,P,,NG,UNCLASSIFIED,UNCLASSIFIED,RED,PE,2300,
1238846061,1086188172,2020-04-14,4,RT,P,79184,CM,LAND ROVER,"SERIES 3, 88 SWB",BLACK,PE,2286,1972-01-01
679238565,516271755,2020-04-15,4,NT,P,,NG,UNCLASSIFIED,UNCLASSIFIED,BLACK,PE,2300,
1510609971,1469434079,2020-04-15,4,NT,P,,NG,UNCLASSIFIED,UNCLASSIFIED,BLACK,PE,2300,
912235909,41099793,2020-04-15,4,NT,P,,NG,UNCLASSIFIED,UNCLASSIFIED,BLACK,PE,2300,
167554293,266522553,2020-04-15,4,NT,P,,NG,UNCLASSIFIED,UNCLASSIFIED,SILVER,PE,2300,
301371411,710417661,2020-04-15,4,NT,P,,NG,HONDA,UNCLASSIFIED,RED,PE,420,
1663036939,760575333,2020-04-15,2,NT,P,,NG,KAWASAKI,UNCLASSIFIED,MULTI-COLOUR,PE,449,
1678812373,746865685,2020-04-15,4,NT,P,,NG,UNCLASSIFIED,UNCLASSIFIED,BLACK,PE,2300,
1405006089,1254162483,2020-04-15,4,NT,P,,NG,UNCLASSIFIED,UNCLASSIFIED,SILVER,PE,2300,
1319709117,1442014783,2020-04-15,4,NT,P,,NG,UNCLASSIFIED,UNCLASSIFIED,BLACK,PE,2300,
978521229,1199215993,2020-04-15,4,NT,P,,NG,UNCLASSIFIED,UNCLASSIFIED,RED,PE,2300,
850575771,1270881707,2020-04-15,4,NT,P,,NG,UNCLASSIFIED,UNCLASSIFIED,SILVER,PE,2300,
634397511,1259773678,2020-04-15,4,NT,P,168863,ST,VOLKSWAGEN,"1,9TDI",SILVER,DI,,2004-06-04
1651939321,109015847,2020-04-15,4,NT,P,,NG,UNCLASSIFIED,UNCLASSIFIED,BLACK,PE,2300,
1685630123,350501025,2020-04-15,4,NT,P,,NG,UNCLASSIFIED,UNCLASSIFIED,RED,PE,2300,
1600333151,388071485,2020-04-15,4,NT,P,,NG,UNCLASSIFIED,UNCLASSIFIED,BLACK,PE,2300,
114502671,768182551,2020-04-16,4,NT,P,,NG,UNCLASSIFIED,UNCLASSIFIED,SILVER,PE,2300,
1434465803,494763713,2020-04-16,4,NT,P,,NG,UNCLASSIFIED,UNCLASSIFIED,BLACK,PE,2300,
1766696007,1454876449,2020-04-16,4,NT,P,,NG,KYMCO,UNCLASSIFIED,BLUE,EL,0,
810712921,1136936739,2020-04-16,4,NT,P,,NG,UNCLASSIFIED,UNCLASSIFIED,RED,PE,2300,
768064435,1290693785,2020-04-16,4,NT,P,,NG,UNCLASSIFIED,UNCLASSIFIED,BLUE,PE,2300,
1991434003,289535383,2020-04-16,4,NT,P,,NG,UNCLASSIFIED,UNCLASSIFIED,GREY,PE,2300,
1948785517,443292429,2020-04-16,4,NT,P,,NG,UNCLASSIFIED,UNCLASSIFIED,BLACK,PE,2300,
797674343,1081990249,2020-04-16,4,NT,P,,NG,KYMCO,UNCLASSIFIED,GREY,EL,0,
1060383009,1423599595,2020-04-16,4,NT,P,,NG,UNCLASSIFIED,UNCLASSIFIED,BLACK,PE,2300,
1574503749,227638481,2020-04-16,4,NT,P,,NG,KYMCO,UNCLASSIFIED,RED,EL,0,
1368079069,1454219643,2020-04-16,4,NT,P,,NG,UNCLASSIFIED,UNCLASSIFIED,BLUE,PE,2300,
901284631,1296987391,2020-04-16,4,NT,P,,NG,UNCLASSIFIED,UNCLASSIFIED,SILVER,PE,2300,
1404108779,449586035,2020-04-16,4,NT,P,,NG,UNCLASSIFIED,UNCLASSIFIED,RED,PE,2300,
185417027,1403787517,2020-04-16,4,NT,P,,NG,UNCLASSIFIED,UNCLASSIFIED,BLACK,PE,2300,
100120055,822854587,2020-04-16,4,NT,P,,NG,UNCLASSIFIED,UNCLASSIFIED,RED,PE,2300,
14823083,238446451,2020-04-16,4,NT,P,,NG,KYMCO,UNCLASSIFIED,GREY,EL,0,
1503041251,760300879,2020-04-16,4,NT,P,,NG,UNCLASSIFIED,UNCLASSIFIED,BROWN,PE,2300,
1332447307,1274548089,2020-04-16,4,NT,P,,NG,KYMCO,UNCLASSIFIED,GREY,EL,0,
1247150335,112682229,2020-04-16,4,NT,P,,NG,UNCLASSIFIED,UNCLASSIFIED,BLACK,PE,2300,
1185835511,1122379109,2020-04-17,4,NT,P,,NG,UNCLASSIFIED,UNCLASSIFIED,RED,PE,2300,
537845019,786597739,2020-04-17,4,NT,P,,NG,UNCLASSIFIED,UNCLASSIFIED,BLACK,PE,2300,
324602589,1421820353,2020-04-17,4,NT,P,,NG,UNCLASSIFIED,UNCLASSIFIED,RED,PE,2300,
1211263111,925797155,2020-04-17,4,NT,P,,NG,UNCLASSIFIED,UNCLASSIFIED,RED,PE,2300,
998020681,589941925,2020-04-17,2,NT,P,,NG,HONDA,NC,RED,PE,448,
1415547857,177206355,2020-04-17,4,NT,P,,NG,KYMCO,UNCLASSIFIED,BLUE,EL,0,
1330250885,676047953,2020-04-17,4,NT,P,,NG,UNCLASSIFIED,UNCLASSIFIED,GREY,PE,2300,
1202305427,597431827,2020-04-17,4,NT,P,,NG,UNCLASSIFIED,UNCLASSIFIED,BLUE,PE,2300,
1278644715,887569889,2020-04-17,4,NT,P,,NG,UNCLASSIFIED,UNCLASSIFIED,GREY,PE,2300,
1193347743,501439671,2020-04-17,4,NT,P,,NG,UNCLASSIFIED,UNCLASSIFIED,BLACK,PE,2300,
421196153,1191608775,2020-04-17,4,NT,P,,NG,UNCLASSIFIED,UNCLASSIFIED,BLUE,PE,2300,
207953723,173074343,2020-04-17,4,NT,P,,NG,UNCLASSIFIED,UNCLASSIFIED,BLACK,PE,2300,
165305237,1478271631,2020-04-17,4,NT,P,,NG,UNCLASSIFIED,UNCLASSIFIED,BLUE,PE,2300,
1909414321,1385754681,2020-04-17,4,NT,P,,NG,UNCLASSIFIED,UNCLASSIFIED,SILVER,PE,2300,
1781468863,1064339765,2020-04-17,4,NT,P,,NG,UNCLASSIFIED,UNCLASSIFIED,BLUE,PE,2300,
412238469,845210611,2020-04-17,4,NT,P,,NG,UNCLASSIFIED,UNCLASSIFIED,GREY,PE,2300,
71050581,390233079,2020-04-17,4,NT,P,,NG,UNCLASSIFIED,UNCLASSIFIED,RED,PE,2300,
391436051,1386494765,2020-04-18,4,NT,P,,NG,UNCLASSIFIED,UNCLASSIFIED,BLACK,PE,2300,
1407633823,21096539,2020-04-18,4,NT,P,,NG,UNCLASSIFIED,UNCLASSIFIED,SILVER,PE,2300,
679474757,54127566,2020-04-18,4,NT,PRS,25314,PR,TRIGANO,"DUCATO, MOTOR HOME",SILVER,DI,2300,2007-09-28
1024491931,355289843,2020-04-18,4,NT,P,,NG,UNCLASSIFIED,UNCLASSIFIED,RED,PE,2300,
512710099,252347275,2020-04-18,4,NT,P,,NG,UNCLASSIFIED,UNCLASSIFIED,SILVER,PE,2300,
470061613,1212460011,2020-04-18,4,NT,P,,NG,KYMCO,UNCLASSIFIED,GREY,EL,0,
171522211,894520301,2020-04-18,4,NT,P,,NG,UNCLASSIFIED,UNCLASSIFIED,GREY,PE,2300,
43576753,159830325,2020-04-18,4,NT,P,,NG,UNCLASSIFIED,UNCLASSIFIED,BLACK,PE,2300,
928267,1119943061,2020-04-18,4,NT,P,,NG,UNCLASSIFIED,UNCLASSIFIED,BLUE,PE,2300,
1872982809,576580591,2020-04-18,4,NT,P,,NG,UNCLASSIFIED,UNCLASSIFIED,SILVER,PE,2300,
977364603,305980153,2020-04-18,4,NT,P,,NG,UNCLASSIFIED,UNCLASSIFIED,SILVER,PE,2300,
508231257,242769639,2020-04-18,4,NT,P,,NG,UNCLASSIFIED,UNCLASSIFIED,RED,PE,2300,
1402602985,552062973,2020-04-19,4,NT,P,,NG,UNCLASSIFIED,UNCLASSIFIED,RED,PE,2300,
1018965585,818531399,2020-04-19,4,NT,P,,NG,UNCLASSIFIED,UNCLASSIFIED,BLACK,PE,2300,
962929353,52564569,2020-04-19,4,NT,P,,NG,UNCLASSIFIED,UNCLASSIFIED,ORANGE,PE,2300,
474536601,860425047,2020-04-19,4,NT,P,,NG,UNCLASSIFIED,UNCLASSIFIED,RED,PE,2300,
1834809311,351157831,2020-04-19,4,NT,P,,NG,KYMCO,UNCLASSIFIED,BRONZE,EL,0,
1190603179,135503883,2020-04-19,4,NT,P,,NG,KYMCO,UNCLASSIFIED,BEIGE,EL,0,
1105306207,1362085045,2020-04-19,4,NT,P,,NG,KYMCO,UNCLASSIFIED,BLUE,EL,0,
636172861,620444657,2020-04-19,4,NT,P,,NG,UNCLASSIFIED,UNCLASSIFIED,WHITE,PE,2300,
593524375,1460895601,2020-04-19,4,NT,P,,NG,UNCLASSIFIED,UNCLASSIFIED,GREY,PE,2300,
550875889,152223107,2020-04-19,4,NT,P,,NG,UNCLASSIFIED,UNCLASSIFIED,BLACK,PE,2300,
508227403,459737199,2020-04-19,4,NT,P,,NG,UNCLASSIFIED,UNCLASSIFIED,SILVER,PE,2300,
465578917,958578797,2020-04-19,4,NT,P,,NG,UNCLASSIFIED,UNCLASSIFIED,BEIGE,PE,2300,
380281945,797871339,2020-04-19,4,NT,P,,NG,UNCLASSIFIED,UNCLASSIFIED,BLACK,PE,2300,
252336487,168942331,2020-04-19,4,NT,P,,NG,UNCLASSIFIED,UNCLASSIFIED,RED,PE,2300,
1911148599,42330127,2020-04-19,4,NT,P,,NG,UNCLASSIFIED,UNCLASSIFIED,RED,PE,2300,
1091220125,330963401,2020-04-20,4,NT,P,,NG,KYMCO,UNCLASSIFIED,BROWN,EL,0,
750032237,193268773,2020-04-20,4,NT,P,,NG,UNCLASSIFIED,UNCLASSIFIED,BLACK,PE,2300,
1619971235,767163126,2020-04-20,4,NT,F,11306,B,LAND ROVER,"SERIES 3. 109\"",GREEN,PE,2286,1984-01-01
935305331,767163126,2020-04-20,4,RT,P,11306,B,LAND ROVER,"SERIES 3. 109\"",GREEN,PE,2286,1984-01-01
1654506713,223506469,2020-04-21,4,NT,P,,NG,UNCLASSIFIED,UNCLASSIFIED,BROWN,PE,2300,
1077280383,1304320155,2020-04-21,4,NT,P,,NG,UNCLASSIFIED,UNCLASSIFIED,RED,PE,2300,
1034631897,883437877,2020-04-21,4,NT,P,,NG,UNCLASSIFIED,UNCLASSIFIED,RED,PE,2300,
298558797,1263357767,2020-04-22,4,NT,P,,NG,UNCLASSIFIED,UNCLASSIFIED,RED,PE,2300,
1995540553,1339346669,2020-04-22,4,NT,P,,NG,UNCLASSIFIED,UNCLASSIFIED,SILVER,PE,2300,
204304141,1488971703,2020-04-22,4,NT,P,,NG,UNCLASSIFIED,UNCLASSIFIED,GREY,PE,2300,
1470322195,121220707,2020-04-22,4,NT,P,,NG,UNCLASSIFIED,UNCLASSIFIED,YELLOW,PE,2300,
1290770567,871973101,2020-04-22,4,NT,P,,NG,UNCLASSIFIED,UNCLASSIFIED,BLUE,PE,2300,
94473025,575075803,2020-04-22,4,NT,P,,NG,UNCLASSIFIED,UNCLASSIFIED,RED,PE,2300,
1795933623,1073917401,2020-04-22,4,NT,P,,NG,UNCLASSIFIED,UNCLASSIFIED,RED,PE,2300,
1753285137,1381431493,2020-04-22,4,NT,P,,NG,UNCLASSIFIED,UNCLASSIFIED,YELLOW,PE,2300,
303236613,260611299,2020-04-22,4,NT,P,,NG,MASSEY FERGUSON,UNCLASSIFIED,RED,DI,0,
1407618407,759452897,2020-04-22,4,NT,P,,NG,KYMCO,UNCLASSIFIED,BLACK,EL,0,
1531085023,906259531,2020-04-22,4,NT,P,,NG,UNCLASSIFIED,UNCLASSIFIED,RED,PE,2300,
1275194107,1097587037,2020-04-22,4,NT,P,,NG,UNCLASSIFIED,UNCLASSIFIED,RED,PE,2300,
891357733,595270233,2020-04-22,4,NT,P,,NG,MASSEY FERGUSON,UNCLASSIFIED,RED,DI,0,
1356012237,164619143,2020-04-22,1,NT,P,,NG,MANITOU,UNCLASSIFIED,RED,DI,4400,
1991260685,813742581,2020-04-22,4,NT,P,,NG,UNCLASSIFIED,UNCLASSIFIED,SILVER,PE,2300,
967697021,810267375,2020-04-22,4,NT,P,,NG,UNCLASSIFIED,UNCLASSIFIED,BLACK,PE,2300,
1555818141,1220067229,2020-04-22,4,NT,P,,NG,UNCLASSIFIED,UNCLASSIFIED,RED,PE,2300,
826315037,1206166405,2020-04-22,4,NT,P,,NG,UNCLASSIFIED,UNCLASSIFIED,BLACK,PE,2300,
1461563485,1083029407,2020-04-22,4,NT,P,,NG,KYMCO,UNCLASSIFIED,RED,EL,0,
1376266513,659328729,2020-04-22,4,NT,P,,NG,UNCLASSIFIED,UNCLASSIFIED,SILVER,PE,2300,
1333618027,813085775,2020-04-22,4,NT,P,,NG,UNCLASSIFIED,UNCLASSIFIED,SILVER,PE,2300,
1290969541,966842821,2020-04-22,4,NT,P,,NG,KYMCO,UNCLASSIFIED,RED,EL,0,
1248321055,1120599867,2020-04-22,4,NT,P,,NG,UNCLASSIFIED,UNCLASSIFIED,GREY,PE,2300,
1205672569,235628051,2020-04-22,4,NT,P,,NG,UNCLASSIFIED,UNCLASSIFIED,GREY,PE,2300,
1035078625,1158170327,2020-04-22,4,NT,P,,NG,KYMCO,UNCLASSIFIED,RED,EL,0,
992430139,1465684419,2020-04-22,4,NT,P,,NG,UNCLASSIFIED,UNCLASSIFIED,RED,PE,2300,
949781653,119441465,2020-04-22,4,NT,P,,NG,KYMCO,UNCLASSIFIED,RED,EL,0,
523296793,963367615,2020-04-22,4,NT,P,,NG,UNCLASSIFIED,UNCLASSIFIED,BLACK,PE,2300,
1371787671,1421163547,2020-04-22,4,NT,P,,NG,UNCLASSIFIED,UNCLASSIFIED,RED,PE,2300,
1286490699,536191731,2020-04-22,4,NT,P,,NG,KYMCO,UNCLASSIFIED,RED,EL,0,
1243842213,689948777,2020-04-22,4,NT,P,,NG,KYMCO,UNCLASSIFIED,RED,EL,0,
305575521,495146065,2020-04-22,4,NT,P,,NG,KYMCO,UNCLASSIFIED,BLACK,EL,0,
723102697,368533861,2020-04-22,4,NT,P,,NG,UNCLASSIFIED,UNCLASSIFIED,RED,PE,2300,
680454211,829804999,2020-04-22,4,NT,P,,NG,UNCLASSIFIED,UNCLASSIFIED,SILVER,PE,2300,
637805725,983562045,2020-04-22,4,NT,P,,NG,KYMCO,UNCLASSIFIED,BLUE,EL,0,
552508753,1444833183,2020-04-22,4,NT,P,,NG,UNCLASSIFIED,UNCLASSIFIED,SILVER,PE,2300,
509860267,406104321,2020-04-22,4,NT,P,,NG,UNCLASSIFIED,UNCLASSIFIED,RED,PE,2300,
974514771,785284127,2020-04-22,4,NT,P,,NG,KYMCO,UNCLASSIFIED,BLACK,EL,0,
931866285,1092798219,2020-04-22,4,NT,P,,NG,KYMCO,UNCLASSIFIED,ORANGE,EL,0,
889217799,1246555265,2020-04-22,4,NT,P,,NG,UNCLASSIFIED,UNCLASSIFIED,RED,PE,2300,
846569313,1400312311,2020-04-22,4,NT,P,,NG,UNCLASSIFIED,UNCLASSIFIED,RED,PE,2300,
1012684415,470819623,2020-04-22,4,NT,P,,NG,UNCLASSIFIED,UNCLASSIFIED,YELLOW,PE,2300,
117066209,969661221,2020-04-22,4,NT,P,,NG,UNCLASSIFIED,UNCLASSIFIED,SILVER,PE,2300,
1306744975,197400785,2020-04-22,4,NT,P,,NG,UNCLASSIFIED,UNCLASSIFIED,YELLOW,PE,2300,
1686102507,115309453,2020-04-22,4,NT,P,,NG,UNCLASSIFIED,UNCLASSIFIED,BLUE,PE,2300,
833132787,497964465,2020-04-22,4,NT,P,,NG,UNCLASSIFIED,UNCLASSIFIED,BLACK,PE,2300,
491944899,689291971,2020-04-22,4,NT,P,,NG,UNCLASSIFIED,UNCLASSIFIED,YELLOW,PE,2300,
193405497,265591293,2020-04-22,4,NT,P,,NG,KYMCO,UNCLASSIFIED,BLUE,EL,0,
871302431,648246305,2020-04-22,4,NT,P,,NG,MASSEY FERGUSON,UNCLASSIFIED,RED,DI,0,
482987215,487538847,2020-04-22,4,NT,P,,NG,TIGER SUPER SIX,UNCLASSIFIED,BLACK,PE,1993,
269744785,678866353,2020-04-22,4,NT,P,,NG,UNCLASSIFIED,UNCLASSIFIED,BLUE,PE,2300,
350562915,1020475699,2020-04-22,4,NT,P,,NG,UNCLASSIFIED,UNCLASSIFIED,YELLOW,PE,2300,
1412296223,1403130711,2020-04-22,4,NT,P,,NG,UNCLASSIFIED,UNCLASSIFIED,SILVER,PE,2300,
815217419,900813907,2020-04-22,4,NT,P,,NG,UNCLASSIFIED,UNCLASSIFIED,RED,PE,2300,
1578411325,398497103,2020-04-22,4,NT,P,,NG,UNCLASSIFIED,UNCLASSIFIED,RED,PE,2300,
1535762839,706011195,2020-04-22,4,NT,P,,NG,MASSEY FERGUSON,UNCLASSIFIED,RED,DI,0,
1151926465,1204852793,2020-04-22,4,NT,P,,NG,UNCLASSIFIED,UNCLASSIFIED,BLACK,PE,2300,
725441605,818722575,2020-04-22,4,NT,P,,NG,UNCLASSIFIED,UNCLASSIFIED,BLACK,PE,2300,
1957768857,87507805,2020-04-22,4,NT,P,,NG,HONDA,UNCLASSIFIED,RED,PE,420,
1872471885,548778943,2020-04-22,4,NT,P,,NG,KUBOTA,UNCLASSIFIED,ORANGE,DI,898,
1569453641,1081715795,2020-04-22,4,NT,P,,NG,UNCLASSIFIED,UNCLASSIFIED,BLACK,PE,2300,
1484156669,42986933,2020-04-22,4,NT,P,,NG,UNCLASSIFIED,UNCLASSIFIED,BLACK,PE,2300,
1820865715,654539911,2020-04-22,4,NT,P,,NG,UNCLASSIFIED,UNCLASSIFIED,BLACK,PE,2300,
1735568743,1115811049,2020-04-22,4,NT,P,,NG,UNCLASSIFIED,UNCLASSIFIED,BLACK,PE,2300,
1351732369,1153381509,2020-04-22,4,NT,P,,NG,UNCLASSIFIED,UNCLASSIFIED,WHITE,PE,2300,
1223786911,729680831,2020-04-22,4,NT,P,,NG,UNCLASSIFIED,UNCLASSIFIED,BLACK,PE,2300,
1095841453,613494245,2020-04-22,1,NT,P,,NG,ORION,UNCLASSIFIED,RED,PE,49,
1053192967,921008337,2020-04-22,4,NT,P,,NG,UNCLASSIFIED,UNCLASSIFIED,BLACK,PE,2300,
29629303,1112335843,2020-04-22,4,NT,P,,NG,KYMCO,UNCLASSIFIED,BROWN,EL,0,
1428071657,989198845,2020-04-22,2,NT,P,,NG,UNCLASSIFIED,UNCLASSIFIED,RED,PE,485,
1125053413,637163881,2020-04-22,4,NT,P,,NG,UNCLASSIFIED,UNCLASSIFIED,BLUE,PE,2300,
1973544291,1173575939,2020-04-22,4,NT,P,,NG,UNCLASSIFIED,UNCLASSIFIED,BLACK,PE,2300,
1888247319,288604123,2020-04-22,4,NT,P,,NG,UNCLASSIFIED,UNCLASSIFIED,RED,PE,2300,
1205871543,1248716859,2020-04-22,4,NT,P,,NG,UNCLASSIFIED,UNCLASSIFIED,GREEN,PE,2300,
1120574571,56230951,2020-04-22,4,NT,P,,NG,UNCLASSIFIED,UNCLASSIFIED,GREY,PE,2300,
1798471505,401315503,2020-04-22,4,NT,P,,NG,UNCLASSIFIED,UNCLASSIFIED,WHITE,PE,2300,
1457283617,438885963,2020-04-22,4,NT,P,,NG,UNCLASSIFIED,UNCLASSIFIED,BLUE,PE,2300,
1030798757,206512791,2020-04-22,4,NT,P,,NG,UNCLASSIFIED,UNCLASSIFIED,GREEN,PE,2300,
860204813,1436569159,2020-04-22,4,NT,P,,NG,KYMCO,UNCLASSIFIED,BLACK,EL,0,
1367507803,742924849,2020-04-22,4,NT,P,,NG,UNCLASSIFIED,UNCLASSIFIED,RED,PE,2300,
1324859317,896681895,2020-04-22,4,NT,P,,NG,UNCLASSIFIED,UNCLASSIFIED,RED,PE,2300,
1235083503,1084534195,2020-04-22,4,NT,P,,NG,UNCLASSIFIED,UNCLASSIFIED,BLUE,PE,2300,
1192435017,1238291241,2020-04-22,4,NT,P,,NG,KYMCO,UNCLASSIFIED,BLACK,EL,0,
1021841073,507076471,2020-04-22,4,NT,P,,NG,KYMCO,UNCLASSIFIED,BLACK,EL,0,
680653185,852161023,2020-04-22,4,NT,P,,NG,KYMCO,UNCLASSIFIED,GREY,EL,0,
595356213,1159675115,2020-04-22,1,NT,P,,NG,MANITOU,UNCLASSIFIED,RED,DI,4400,
552707727,1313432161,2020-04-22,4,NT,P,,NG,UNCLASSIFIED,UNCLASSIFIED,YELLOW,PE,2300,
974713745,927301943,2020-04-22,4,NT,P,,NG,KYMCO,UNCLASSIFIED,BROWN,EL,0,
245210641,923826737,2020-04-22,4,NT,P,,NG,UNCLASSIFIED,UNCLASSIFIED,GREEN,PE,4228,
74616697,38854921,2020-04-22,4,NT,P,,NG,UNCLASSIFIED,UNCLASSIFIED,RED,PE,2300,
312592245,489700441,2020-04-22,4,NT,P,,NG,UNCLASSIFIED,UNCLASSIFIED,BEIGE,PE,2300,
1971404357,1142299085,2020-04-22,4,NT,P,,NG,UNCLASSIFIED,UNCLASSIFIED,BLUE,PE,2300,
1659428429,1094303007,2020-04-22,4,NT,P,,NG,MASSEY FERGUSON,UNCLASSIFIED,RED,PE,1397,
290198035,1398341893,2020-04-22,1,NT,P,,NG,MANITOU,UNCLASSIFIED,RED,DI,4400,
1475397959,742268043,2020-04-22,4,NT,P,,NG,UNCLASSIFIED,UNCLASSIFIED,BLACK,PE,2300,
20870593,585035791,2020-04-22,4,NT,P,,NG,UNCLASSIFIED,UNCLASSIFIED,BLUE,PE,2300,
1931094779,7578067,2020-04-22,4,NT,P,,NG,UNCLASSIFIED,UNCLASSIFIED,WHITE,PE,1993,
1461961433,198905573,2020-04-22,4,NT,P,,NG,UNCLASSIFIED,UNCLASSIFIED,BLUE,PE,2300,
1419312947,352662619,2020-04-22,4,NT,P,,NG,UNCLASSIFIED,UNCLASSIFIED,RED,PE,2300,
1291367489,1121447849,2020-04-22,3,NT,P,,NG,HONDA,UNCLASSIFIED,RED,PE,246,
779585657,120289447,2020-04-22,4,NT,P,,NG,MASSEY FERGUSON,UNCLASSIFIED,RED,DI,0,
263324983,1196588769,2020-04-22,4,NT,P,,NG,UNCLASSIFIED,UNCLASSIFIED,BLACK,PE,2300,
135379525,157859907,2020-04-22,4,NT,P,,NG,UNCLASSIFIED,UNCLASSIFIED,SILVER,PE,2300,
92731039,311616953,2020-04-22,4,NT,P,,NG,UNCLASSIFIED,UNCLASSIFIED,RED,PE,2300,
335185429,1189638357,2020-04-22,4,NT,P,,NG,UNCLASSIFIED,UNCLASSIFIED,WHITE,PE,2300,
292536943,1343395403,2020-04-22,4,NT,P,,NG,UNCLASSIFIED,UNCLASSIFIED,RED,PE,2300,
1136548979,454948381,2020-04-22,4,NT,P,,NG,UNCLASSIFIED,UNCLASSIFIED,BLACK,PE,2300,
1468779183,27772497,2020-04-22,4,NT,P,,NG,UNCLASSIFIED,UNCLASSIFIED,WHITE,PE,2300,
1383482211,489043635,2020-04-22,4,NT,P,,NG,UNCLASSIFIED,UNCLASSIFIED,BLUE,PE,2300,
1587766957,676895935,2020-04-22,4,NT,P,,NG,UNCLASSIFIED,UNCLASSIFIED,RED,PE,2300,
1417173013,1291924119,2020-04-22,4,NT,P,,NG,UNCLASSIFIED,UNCLASSIFIED,YELLOW,PE,2300,
1327397199,1445681165,2020-04-22,4,NT,P,,NG,UNCLASSIFIED,UNCLASSIFIED,YELLOW,PE,2300,
1199451741,868223441,2020-04-22,4,NT,P,,NG,UNCLASSIFIED,UNCLASSIFIED,YELLOW,PE,2300,
1071506283,1329494579,2020-04-22,4,NT,P,,NG,UNCLASSIFIED,UNCLASSIFIED,YELLOW,PE,2300,
645021423,20822085,2020-04-22,4,NT,P,,NG,UNCLASSIFIED,UNCLASSIFIED,YELLOW,PE,2300,
602372937,174579131,2020-04-22,4,NT,P,,NG,UNCLASSIFIED,UNCLASSIFIED,YELLOW,PE,2300,
517075965,482093223,2020-04-22,4,NT,P,,NG,UNCLASSIFIED,UNCLASSIFIED,YELLOW,PE,2300,
218536563,827177775,2020-04-22,4,NT,P,,NG,UNCLASSIFIED,UNCLASSIFIED,YELLOW,PE,2300,
133239591,1288448913,2020-04-22,4,NT,P,,NG,THWAITES,UNCLASSIFIED,YELLOW,PE,,
1403736487,1056075741,2020-04-22,4,NT,P,,NG,UNCLASSIFIED,UNCLASSIFIED,BLUE,PE,2300,
759530355,898843489,2020-04-22,4,NT,P,,NG,UNCLASSIFIED,UNCLASSIFIED,BLACK,PE,2300,
1475596933,280340099,2020-04-22,4,NT,P,,NG,UNCLASSIFIED,UNCLASSIFIED,RED,PE,2300,
485724071,1312118549,2020-04-22,4,NT,P,,NG,UNCLASSIFIED,UNCLASSIFIED,BLUE,PE,2300,
1419511921,1192456757,2020-04-22,4,NT,P,,NG,KYMCO,UNCLASSIFIED,GREY,EL,0,
1372384593,498812447,2020-04-22,4,NT,P,,NG,UNCLASSIFIED,UNCLASSIFIED,BLACK,PE,2300,
1244439135,960083585,2020-04-22,4,NT,P,,NG,KYMCO,UNCLASSIFIED,RED,EL,0,
1201790649,1113840631,2020-04-22,4,NT,P,,NG,KYMCO,UNCLASSIFIED,RED,EL,0,
1159142163,1267597677,2020-04-22,4,NT,P,,NG,KYMCO,UNCLASSIFIED,RED,EL,0,
1116493677,1421354723,2020-04-22,4,NT,P,,NG,KYMCO,UNCLASSIFIED,RED,EL,0,
1073845191,75111769,2020-04-22,4,NT,P,,NG,KYMCO,UNCLASSIFIED,RED,EL,0,
1031196705,228868815,2020-04-22,4,NT,P,,NG,KYMCO,UNCLASSIFIED,RED,EL,0,
988548219,382625861,2020-04-22,4,NT,P,,NG,KYMCO,UNCLASSIFIED,RED,EL,0,
945899733,536382907,2020-04-22,4,NT,P,,NG,KYMCO,UNCLASSIFIED,RED,EL,0,
903251247,690139953,2020-04-22,4,NT,P,,NG,KYMCO,UNCLASSIFIED,RED,EL,0,
860602761,843896999,2020-04-22,4,NT,P,,NG,KYMCO,UNCLASSIFIED,RED,EL,0,
817954275,997654045,2020-04-22,4,NT,P,,NG,KYMCO,UNCLASSIFIED,RED,EL,0,
775305789,1151411091,2020-04-22,4,NT,P,,NG,KYMCO,UNCLASSIFIED,RED,EL,0,
732657303,1305168137,2020-04-22,4,NT,P,,NG,KYMCO,UNCLASSIFIED,NOT STATED,EL,0,
690008817,1458925183,2020-04-22,4,NT,P,,NG,KYMCO,UNCLASSIFIED,RED,EL,0,
1596161083,1337057074,2020-04-27,4,NT,P,9563,CT,JAGUAR,"XJR,S",GREEN,PE,5993,1989-12-31
1425352749,318151431,2020-05-01,4,NT,P,123441,CB,MERCEDES-BENZ,"SPRINTER, AMBULANCE",YELLOW,DI,2987,2017-06-07
1721180951,834364158,2020-05-07,4,NT,P,9449,EX,LAND ROVER,"88\"",CREAM,PE,2994,1971-07-01
895977739,755106312,2020-05-07,4,NT,P,10489,HU,"G,WIZ",REVA,BLACK,EL,,2005-09-19
1476575065,188859795,2020-05-11,4,NT,P,49978,IG,MORRIS,"MINI, COOPER S",RED,PE,1275,1970-04-03
238052641,549660492,2020-05-15,4,NT,P,94111,SW,"AUDI A3 SPORTLINE TDI 2,0L",5 DOOR AUTO HATCHBACK,RED,DI,1968,2012-01-23
1367066139,1150360676,2020-05-15,4,NT,P,24886,LU,MERCEDES,"HYMER MOBIL,MOTOR CARAVAN",SILVER,DI,2987,2008-06-01
1422685153,811073826,2020-05-19,4,NT,P,55780,SG,JAGUAR,"E,  TYPE",GREEN,PE,4235,1970-03-25
1401285813,362677848,2020-05-19,4,NT,F,79049,PE,LAND ROVER,"88\"-4 CYL",CREAM,PE,2285,1971-09-01
787034903,83980622,2020-05-19,4,NT,P,13968,BS,LAND ROVER,"88\" - 4 CY",YELLOW,PE,2286,1983-11-18
1477008909,549399090,2020-05-21,4,NT,P,46448,TN,"LAND ROVER RANGE ROVER SPORT TDV8 3,7L",5 DOOR AUTO ESTATE,BLACK,DI,3630,2009-04-24
90339385,449082733,2020-05-24,4,NT,P,,NG,UNCLASSIFIED,UNCLASSIFIED,RED,PE,1993,
932857189,278729642,2020-05-25,4,NT,P,99960,AB,LAND ROVER,"88\"-4CYL",GREEN,PE,2286,1962-02-01
1543169691,1114247038,2020-05-26,4,NT,F,3209,TR,LAND ROVER,"88\"",GREEN,PE,2286,1971-01-01
1933917521,1277314266,2020-05-26,4,NT,F,78582,DY,LAND ROVER,"88\"",GREEN,PE,2286,1980-04-21
776829419,187429895,2020-05-27,4,NT,P,,NG,UNCLASSIFIED,UNCLASSIFIED,YELLOW,PE,1299,
749359445,1387927618,2020-05-27,4,NT,P,73629,LE,BEDFORD,"RASCAL, BAMBI",WHITE,PE,970,1987-12-31
929357801,1452525105,2020-05-27,4,NT,P,25337,HA,"LAND ROVER RANGE ROVER EVOKE SD4 2,2L",5 DOOR AUTO ESTATE,WHITE,DI,2179,2013-10-21
146953269,362677848,2020-05-27,4,RT,P,79054,PE,LAND ROVER,"88\"-4 CYL",CREAM,PE,2285,1971-09-01
1959070389,160362764,2020-05-29,4,NT,P,57660,SW,"LAND ROVER DEFENDER 11O TD5 2,4L",5 DOOR MANUAL UTILITY ESTATE,SILVER,DI,2401,2012-03-30
489702117,764779554,2020-06-01,4,NT,P,49214,GL,LAND ROVER,"SERIES 3 109\"",GREEN,PE,2286,1980-12-30
115315081,664914805,2020-06-02,1,NT,P,,NG,UNCLASSIFIED,UNCLASSIFIED,BLACK,PE,50,
1794568881,1111190010,2020-06-03,2,NT,F,19165,G,KTM,"KTM,1190",WHITE,PE,1150,2009-09-23
1970088395,1239828358,2020-06-03,4,NT,P,31952,SO,FIAT,"HYMER,MOTORHOME",WHITE,DI,2800,2004-08-01
313164609,317609414,2020-06-03,4,NT,P,79025,SP,LAND ROVER,"110\"",BLACK,DI,2495,1983-11-01
18405713,1334250372,2020-06-03,2,NT,P,48937,LL,HONDA,"P,C",BLACK,PE,800,1994-12-31
1356430553,1111190010,2020-06-03,2,RT,P,19165,G,KTM,"KTM,1190",WHITE,PE,1150,2009-09-23
1769824201,645879310,2020-06-04,4,NT,P,133917,RG,VOLKSWAGON,"GOLF T,D,I",SILVER,DI,1896,2000-04-15
674357697,678201620,2020-06-09,4,NT,P,1806,PR,MG,"MGB,GT.",ORANGE,PE,1800,1979-10-01
1615560219,553005598,2020-06-09,4,NT,P,31933,RH,MG,"MIDGET,,COUPE",WHITE,PE,1800,1973-01-01
1664925041,28821782,2020-06-09,4,NT,P,99738,LE,LAND ROVER,"88\" - 4 CY",BLUE,PE,2286,1976-09-20
775264493,1395347410,2020-06-10,4,NT,P,25809,PL,FIAT,"DUCATO, MOTORHOME",WHITE,DI,2800,2004-09-24
295220941,1177840244,2020-06-11,4,NT,F,45539,LL,LAND ROVER,"88\"- 4 CYL",BLUE,DI,2286,1981-09-02
1878883755,1177840244,2020-06-12,4,RT,P,45539,LL,LAND ROVER,"88\"- 4 CYL",BLUE,DI,2286,1981-09-02
1822726839,1198848640,2020-06-15,4,NT,P,2944,YO,NV,"T,F.",GREY,PE,1798,1978-06-09
81099149,987606674,2020-06-16,4,NT,PRS,19207,LE,"VOLKSWAGEN GOLF  HIGHLANDER TDI 2,0L",5 DOOR AUTO HATCHBACK,BLACK,PE,1968,2009-07-17
1053154203,246922072,2020-06-16,5,NT,PRS,30434,PA,FORD,"MINI,BUS",BLUE,DI,2198,2013-06-26
896537219,588562126,2020-06-16,4,NT,P,36720,BS,LAND ROVER,"88\"",GREEN,DI,2250,1980-08-22
208529829,121344002,2020-06-17,4,NT,P,96263,CH,LAND ROVER,"SERIES 2A 88\"",GREEN,DI,2400,1971-07-01
911242025,445526616,2020-06-18,7,NT,P,126419,GU,IVECO,"DAILY,35S13",WHITE,DI,2287,2012-06-26
1728722469,1154986398,2020-06-19,4,NT,P,57483,CV,LAND ROVER,"88\"",GREEN,DI,2286,1979-12-31
36914037,504353887,2020-06-19,4,NT,P,99993,PH,MITSUBISHI,UNCLASSIFIED,RED,PE,1990,
691718425,1114247038,2020-06-19,4,NT,P,3221,TR,LAND ROVER,"88\"",GREEN,PE,2286,1971-01-01
1809634305,172966242,2020-06-20,2,NT,P,10646,BD,HONDA,"FIRE BLADE CBR1000RR-6,7",MULTI-COLOUR,PE,998,2008-11-21
927099603,339633412,2020-06-20,2,NT,P,6434,ML,HONDA,"GOLD WI,G",BLUE,PE,1500,2010-06-12
1368890045,414117027,2020-06-23,1,NT,P,,NG,UNCLASSIFIED,UNCLASSIFIED,BLACK,PE,,
695967461,720129516,2020-06-23,4,NT,F,62996,FK,TRIGANO,"FIAT DUCATO, CAMPER",WHITE,DI,2300,2005-05-25
982710909,1115981905,2020-06-23,2,NT,P,4744,GL,TRIUMPH,"BONNEVILLE, STREET TWIN.",BLACK,PE,900,2016-12-13
30496767,628566006,2020-06-24,4,NT,F,1916,CA,LAND ROVER,"88\"",GREEN,PE,2250,1970-10-08
654745157,1098247918,2020-06-24,4,NT,F,43482,DT,LAND ROVER,"88\" 4 CYL",BLUE,PE,2286,1970-01-01
1856846309,1474109888,2020-06-25,4,NT,P,82674,SW,"LAND ROVER DISCOVERY 4 TDV6 HSE 3,0L",5 DOOR AUTO ESTATE,BLACK,DI,2720,2010-01-07
1059109217,1098247918,2020-06-26,4,RT,P,43483,DT,LAND ROVER,"88\" 4 CYL",BLUE,PE,2286,1970-01-01
1258408051,661247554,2020-06-27,4,NT,P,38380,NN,CHEVROLET,"GMC, C5",BLACK,PE,5700,1998-12-31
954590057,754962856,2020-06-29,4,NT,P,71625,S,LAND ROVER,"SERIES 3 88\"",BLUE,DI,2495,1974-07-01
1944552771,168124832,2020-06-29,4,NT,P,75404,TR,LAND ROVER,"SERIES 2 88\"",GREEN,PE,2286,1964-07-03